<odoo>
  <data noupdate="0">

      <!-- INICIA CONFIGURACION DE IMPUESTOS BIENES  -->

      <record id="tax_group_sv_general" model="account.tax.group">
          <field name="name">Impuestos SV Bienes</field>
          <field name="sequence">10</field>
          <field name="country_id" ref="base.sv"/>
      </record>

    <record id="tax_sv_iva_13_sale" model="account.tax">
      <field name="name">IVA 13% Ventas Bienes</field>
      <field name="amount">13.0</field>
      <field name="amount_type">percent</field>
      <field name="type_tax_use">sale</field>
      <field name="country_id" ref="base.sv"/>
      <field name="price_include">False</field>
      <field name="active">True</field>
        <field name="tax_scope">consu</field>
      <field name="tax_group_id" ref="l10n_sv.tax_group_sv_general"/>
    </record>

    <record id="tax_sv_iva_13" model="account.tax">
      <field name="name">IVA 13% Compras Bienes</field>
      <field name="amount">13.0</field>
      <field name="amount_type">percent</field>
      <field name="type_tax_use">purchase</field>
      <field name="country_id" ref="base.sv"/>
      <field name="price_include">False</field>
      <field name="active">True</field>
        <field name="tax_scope">consu</field>
      <field name="tax_group_id" ref="l10n_sv.tax_group_sv_general"/>
    </record>

    <record id="tax_sv_percepcion_iva_1" model="account.tax">
      <field name="name">Percepción IVA 1% Bienes</field>
      <field name="amount">1.0</field>
      <field name="amount_type">percent</field>
      <field name="type_tax_use">sale</field>
      <field name="country_id" ref="base.sv"/>
      <field name="price_include">False</field>
      <field name="active">True</field>
        <field name="tax_scope">consu</field>
      <field name="tax_group_id" ref="l10n_sv.tax_group_sv_general"/>
    </record>

    <record id="tax_sv_retencion_iva_1" model="account.tax">
      <field name="name">Retención IVA 1% Bienes</field>
      <field name="amount">1.0</field>
      <field name="amount_type">percent</field>
      <field name="type_tax_use">purchase</field>
      <field name="country_id" ref="base.sv"/>
      <field name="price_include">False</field>
      <field name="active">True</field>
        <field name="tax_scope">consu</field>
      <field name="tax_group_id" ref="l10n_sv.tax_group_sv_general"/>
    </record>

    <record id="tax_sv_retencion_renta_10" model="account.tax">
      <field name="name">Retención Renta 10% Bienes</field>
      <field name="amount">10.0</field>
      <field name="amount_type">percent</field>
      <field name="type_tax_use">purchase</field>
      <field name="country_id" ref="base.sv"/>
      <field name="price_include">False</field>
      <field name="active">True</field>
        <field name="tax_scope">consu</field>
      <field name="tax_group_id" ref="l10n_sv.tax_group_sv_general"/>
    </record>

      <!-- INICIA CONFIGURACION DE IMPUESTOS SERVICIOS  -->

    <record id="tax_sv_iva_13_sale_service" model="account.tax">
      <field name="name">IVA 13% Ventas Servicios</field>
      <field name="amount">13.0</field>
      <field name="amount_type">percent</field>
      <field name="type_tax_use">sale</field>
      <field name="country_id" ref="base.sv"/>
      <field name="price_include">False</field>
      <field name="active">True</field>
        <field name="tax_scope">service</field>
      <field name="tax_group_id" ref="l10n_sv.tax_group_sv_general"/>
    </record>

    <record id="tax_sv_iva_13_service" model="account.tax">
      <field name="name">IVA 13% Compras Servicios</field>
      <field name="amount">13.0</field>
      <field name="amount_type">percent</field>
      <field name="type_tax_use">purchase</field>
      <field name="country_id" ref="base.sv"/>
      <field name="price_include">False</field>
      <field name="active">True</field>
        <field name="tax_scope">service</field>
      <field name="tax_group_id" ref="l10n_sv.tax_group_sv_general"/>
    </record>

    <record id="tax_sv_percepcion_iva_1_service" model="account.tax">
      <field name="name">Percepción IVA 1% Servicios</field>
      <field name="amount">1.0</field>
      <field name="amount_type">percent</field>
      <field name="type_tax_use">sale</field>
      <field name="country_id" ref="base.sv"/>
      <field name="price_include">False</field>
      <field name="active">True</field>
        <field name="tax_scope">service</field>
      <field name="tax_group_id" ref="l10n_sv.tax_group_sv_general"/>
    </record>

    <record id="tax_sv_retencion_iva_1_service" model="account.tax">
      <field name="name">Retención IVA 1% Servicios</field>
      <field name="amount">1.0</field>
      <field name="amount_type">percent</field>
      <field name="type_tax_use">purchase</field>
      <field name="country_id" ref="base.sv"/>
      <field name="price_include">False</field>
      <field name="active">True</field>
        <field name="tax_scope">service</field>
      <field name="tax_group_id" ref="l10n_sv.tax_group_sv_general"/>
    </record>

    <record id="tax_sv_retencion_renta_10_service" model="account.tax">
        <field name="name">Retención Renta 10% Servicios</field>
      <field name="amount">10.0</field>
      <field name="amount_type">percent</field>
      <field name="type_tax_use">purchase</field>
      <field name="country_id" ref="base.sv"/>
      <field name="price_include">False</field>
      <field name="active">True</field>
        <field name="tax_scope">service</field>
      <field name="tax_group_id" ref="l10n_sv.tax_group_sv_general"/>
    </record>

  </data>
</odoo>
