<odoo>
    <data>
        <!-- Cuenta: Retención de Renta -->
        <record id="cuenta_retencion_renta" model="account.account" forcecreate="0">
            <field name="name">Retención de Renta</field>
            <field name="code">5110</field>
<!--            <field name="user_type_id" ref="account.data_account_type_expense"/>-->
            <field name="reconcile" eval="True"/>
        </record>

        <!-- Cuenta: Retención de IVA -->
        <record id="cuenta_retencion_iva" model="account.account" forcecreate="0">
            <field name="name">Retención de IVA</field>
            <field name="code">5111</field>
<!--            <field name="user_type_id" ref="account.data_account_type_expense"/>-->
            <field name="reconcile" eval="True"/>
        </record>

        <!-- Cuenta: IVA Percibido -->
        <record id="cuenta_iva_percibido" model="account.account" forcecreate="0">
            <field name="name">IVA Percibido</field>
            <field name="code">5112</field>
<!--            <field name="user_type_id" ref="account.data_account_type_expense"/>-->
            <field name="reconcile" eval="True"/>
        </record>

    </data>
</odoo>
