id,name,model_id:id,group_id:id,perm_read,perm_write,perm_create,perm_unlink
access_manager_arancel,access_manager_arancel,model_posicion_arancel,account.group_account_manager,1,1,1,1
access_invoice_arancel,access_invoice_arancel,model_posicion_arancel,account.group_account_user,1,1,0,0
access_user_arancel,access_user_arancel,model_posicion_arancel,account.group_account_invoice,1,0,0,0
access_account_move_send_user,access_account_move_send_user,l10n_invoice_sv.model_account_move_send,account.group_account_user,1,0,1,0
access_sv_dte_retencion_recibida1,access_sv_dte_retencion_recibida1,model_sv_dte_retencion_recibida1,account.group_account_user,1,1,1,1