id,name,model_id:id,group_id:id,perm_read,perm_write,perm_create,perm_unlink
access_dispatch_route_user,dispatch.route user,model_dispatch_route,base.group_user,1,1,1,1
access_dispatch_route_reception_user,dispatch.route.reception user,model_dispatch_route_reception,base.group_user,1,1,1,1
access_dispatch_route_reception_line_user,dispatch.route.reception.line user,model_dispatch_route_reception_line,base.group_user,1,1,1,1

access_dispatch_zones_user,dispatch.zones user,model_dispatch_zones,base.group_user,1,1,1,1
access_dispatch_zone_line_user,dispatch.zone.line user,model_dispatch_zone_line,base.group_user,1,1,1,1

access_dispatch_route_return_user,dispatch.route.return user,model_dispatch_route_return,base.group_user,1,1,1,1
access_dispatch_route_return_line_user,dispatch.route.return.line user,model_dispatch_route_return_line,base.group_user,1,1,1,1

access_dispatch_return_user,access_dispatch_return_user,model_dispatch_route_invoice_return,base.group_user,1,1,1,0
access_dispatch_return_line_user,access_dispatch_return_line_user,model_dispatch_route_invoice_return_line,base.group_user,1,1,1,0
