id,name,model_id:id,group_id:id,perm_read,perm_write,perm_create,perm_unlink
access_dispatch_route_user,dispatch.route user,model_dispatch_route,base.group_user,1,1,1,1
access_dispatch_route_reception_user,dispatch.route.reception user,model_dispatch_route_reception,base.group_user,1,1,1,1
access_dispatch_route_reception_line_user,dispatch.route.reception.line user,model_dispatch_route_reception_line,base.group_user,1,1,1,1
access_dispatch_route_reception_wizard_user,dispatch.route.reception.wizard user,model_dispatch_route_reception_wizard,base.group_user,1,1,1,1
access_dispatch_route_reception_line_wizard_user,dispatch.route.reception.line.wizard user,model_dispatch_route_reception_line_wizard,base.group_user,1,1,1,1

